"symbol","company","identifier","sedol","weight","sector","shares_held","local_currency","group"
"AAPL","APPLE INC","037833100","2046251",0.0691530204823522,"-",171767010,"USD",0
"MSFT","MICROSOFT CORP","594918104","2588173",0.0654889467355459,"-",88569779,"USD",0
"NVDA","NVIDIA CORP","67066G104","2379504",0.0568772657371241,"-",293126746,"USD",0
"AMZN","AMAZON.COM INC","023135106","2000019",0.0348724505027392,"-",109092981,"USD",0
"META","META PLATFORMS INC CLASS A","30303M102","B7TL820",0.0240364370499576,"-",26127829,"USD",0
"GOOGL","ALPHABET INC CL A","02079K305","BYVY8G0",0.0189800617084301,"-",70032798,"USD",0
"BRK-B","BERKSHIRE HATHAWAY INC CL B","084670702","2073390",0.0180794979465095,"-",21584443,"USD",0
"GOOG","ALPHABET INC CL C","02079K107","BYY88Y7",0.0158782299307189,"-",58262441,"USD",0
"LLY","ELI LILLY + CO","532457108","2516152",0.0157383323534366,"-",9507966,"USD",0
"JPM","JPMORGAN CHASE + CO","46625H100","2190385",0.0135279486311226,"-",34237071,"USD",0
"AVGO","BROADCOM INC","11135F101","BDZ78H9",0.0133280234759762,"-",51933228,"USD",0
"TSLA","TESLA INC","88160R101","B616C79",0.0130288862130582,"-",33056352,"USD",0
"UNH","UNITEDHEALTH GROUP INC","91324P102","2917766",0.0118810176358502,"-",10973316,"USD",0
"XOM","EXXON MOBIL CORP","30231G102","2326618",0.0112100476018993,"-",53483025,"USD",0
"V","VISA INC CLASS A SHARES","92826C839","B2PZN04",0.00976918560788239,"-",18768465,"USD",0
"PG","PROCTER + GAMBLE CO/THE","742718109","2704407",0.00902871206403921,"-",28139035,"USD",0
"JNJ","JOHNSON + JOHNSON","478160104","2475833",0.0087157661567718,"-",28704388,"USD",0
"MA","MASTERCARD INC   A","57636Q104","B121557",0.00868910946941895,"-",9788365,"USD",0
"COST","COSTCO WHOLESALE CORP","22160K105","2701271",0.00862146712463469,"-",5276910,"USD",0
"HD","HOME DEPOT INC","437076102","2434209",0.00787091727292202,"-",11815670,"USD",0
"ABBV","ABBVIE INC","00287Y109","B92SR70",0.00753534720270236,"-",21050460,"USD",0
"WMT","WALMART INC","931142103","2936921",0.00717833370868497,"-",50928834,"USD",0
"MRK","MERCK + CO. INC.","58933Y105","2778844",0.00635502831127314,"-",30214658,"USD",0
"NFLX","NETFLIX INC","64110L106","2857817",0.00632408894291916,"-",5137693,"USD",0
"KO","COCA COLA CO/THE","191216100","2206657",0.00605285915035671,"-",46225089,"USD",0
"BAC","BANK OF AMERICA CORP","060505104","2295677",0.00583494273249997,"-",81117299,"USD",0
"ADBE","ADOBE INC","00724F101","2008154",0.00554756282980709,"-",5341493,"USD",0
"PEP","PEPSICO INC","713448108","2681511",0.00532388280387405,"-",16394169,"USD",0
"CVX","CHEVRON CORP","166764100","2838555",0.00522488082764691,"-",20434431,"USD",0
"CRM","SALESFORCE INC","79466L302","2310525",0.0051737187997058,"-",11551422,"USD",0
"TMO","THERMO FISHER SCIENTIFIC INC","883556102","2886907",0.0051453010098852,"-",4550606,"USD",0
"AMD","ADVANCED MICRO DEVICES","007903107","2007849",0.00485065655951282,"-",19266088,"USD",0
"ORCL","ORACLE CORP","68389X105","2661568",0.00484980602707101,"-",19023128,"USD",0
"LIN","LINDE PLC","G54950103","BNZHB81",0.00483677787131522,"-",5731177,"USD",0
"ACN","ACCENTURE PLC CL A","G1151C101","B4BNMY3",0.00466222860172697,"-",7484321,"USD",0
"MCD","MCDONALD S CORP","580135101","2550707",0.00456099522862307,"-",8591678,"USD",0
"ABT","ABBOTT LABORATORIES","002824100","2002305",0.00439158917874178,"-",20696663,"USD",0
"PM","PHILIP MORRIS INTERNATIONAL","718172109","B2PKRQ3",0.00429977170008197,"-",18511837,"USD",0
"CSCO","CISCO SYSTEMS INC","17275R102","2198163",0.00428465223514572,"-",48275968,"USD",0
"WFC","WELLS FARGO + CO","949746101","2649100",0.0041352987383632,"-",41565951,"USD",0
"IBM","INTL BUSINESS MACHINES CORP","459200101","2005973",0.00405021547538975,"-",10919280,"USD",0
"TXN","TEXAS INSTRUMENTS INC","882508104","2885409",0.0039707157077402,"-",10830539,"USD",0
"GE","GE AEROSPACE","369604301","BL59CR9",0.00393256182302683,"-",13050130,"USD",0
"QCOM","QUALCOMM INC","747525103","2714923",0.0039053948162089,"-",13329189,"USD",0
"VZ","VERIZON COMMUNICATIONS INC","92343V104","2090571",0.00390395391418982,"-",50132105,"USD",0
"DHR","DANAHER CORP","235851102","2250870",0.00390390388286972,"-",7843986,"USD",0
"INTU","INTUIT INC","461202103","2459020",0.00381771993085391,"-",3341086,"USD",0
"NOW","SERVICENOW INC","81762P102","B80NXX8",0.00381416770712634,"-",2446151,"USD",0
"AMGN","AMGEN INC","031162100","2023607",0.00379123334998943,"-",6382830,"USD",0
"ISRG","INTUITIVE SURGICAL INC","46120E602","2871301",0.00369442274558296,"-",4228653,"USD",0
"NEE","NEXTERA ENERGY INC","65339F101","2328915",0.00362012623522451,"-",24466112,"USD",1
"PFE","PFIZER INC","717081103","2684703",0.00360915936985712,"-",67337151,"USD",1
"SPGI","S+P GLOBAL INC","78409V104","BYV2325",0.00358774596485146,"-",3816443,"USD",1
"CAT","CATERPILLAR INC","149123101","2180201",0.00354953204255396,"-",5830646,"USD",1
"DIS","WALT DISNEY CO/THE","254687106","2270726",0.00349921054079064,"-",21734879,"USD",1
"RTX","RTX CORP","75513E101","BM5M5Y3",0.00349593849245566,"-",15832448,"USD",1
"GS","GOLDMAN SACHS GROUP INC","38141G104","2407966",0.00342301284026814,"-",3844374,"USD",1
"CMCSA","COMCAST CORP CLASS A","20030N101","2044545",0.00337808471481232,"-",46666467,"USD",1
"T","AT+T INC","00206R102","2831811",0.00334094146276511,"-",85265702,"USD",1
"UNP","UNION PACIFIC CORP","907818108","2914734",0.00332651243004633,"-",7268902,"USD",1
"AMAT","APPLIED MATERIALS INC","038222105","2046552",0.00321221087613057,"-",9927208,"USD",1
"PGR","PROGRESSIVE CORP","743315103","2705024",0.00319474994541333,"-",6975432,"USD",1
"AXP","AMERICAN EXPRESS CO","025816109","2026082",0.00309808943496718,"-",6774897,"USD",1
"LOW","LOWE S COS INC","548661107","2536763",0.00304247461953658,"-",6821557,"USD",1
"TJX","TJX COMPANIES INC","872540109","2989301",0.00288080341174379,"-",13502452,"USD",1
"HON","HONEYWELL INTERNATIONAL INC","438516106","2020459",0.00284614171317386,"-",7763515,"USD",1
"BKNG","BOOKING HOLDINGS INC","09857L108","BDRXDB4",0.00280274454611331,"-",404403,"USD",1
"ELV","ELEVANCE HEALTH INC","036752103","BSPHGL4",0.0027373736232619,"-",2771116,"USD",1
"COP","CONOCOPHILLIPS","20825C104","2685717",0.0026835899541472,"-",13944264,"USD",1
"LMT","LOCKHEED MARTIN CORP","539830109","2522096",0.00267550489281795,"-",2546234,"USD",1
"MS","MORGAN STANLEY","617446448","2262314",0.00267444422883169,"-",14947027,"USD",1
"BLK","BLACKROCK INC","09247X101","2494504",0.00266794015721782,"-",1667460,"USD",1
"SYK","STRYKER CORP","863667101","2853688",0.00266611901716594,"-",4032547,"USD",1
"VRTX","VERTEX PHARMACEUTICALS INC","92532F100","2931034",0.00263813149669825,"-",3072680,"USD",1
"BSX","BOSTON SCIENTIFIC CORP","101137107","2113434",0.00263098702418701,"-",17467047,"USD",1
"REGN","REGENERON PHARMACEUTICALS","75886F107","2730190",0.00263006644789705,"-",1260645,"USD",1
"MDT","MEDTRONIC PLC","G5960L103","BTN1Y11",0.00261993010244343,"-",15863863,"USD",1
"PLD","PROLOGIS INC","74340W103","B44WZD7",0.00261543728989785,"-",11018201,"USD",1
"CB","CHUBB LTD","H1467J104","B3BQMF6",0.00257545225886857,"-",4836347,"USD",1
"ETN","EATON CORP PLC","G29183103","B8KQN82",0.00251180241342883,"-",4762780,"USD",1
"MMC","MARSH + MCLENNAN COS","571748102","2567741",0.00246903564100162,"-",5875571,"USD",1
"C","CITIGROUP INC","172967424","2297907",0.0024641025528391,"-",22708820,"USD",1
"ADP","AUTOMATIC DATA PROCESSING","053015103","2065308",0.002450924303123,"-",4879903,"USD",1
"AMT","AMERICAN TOWER CORP","03027X100","B7FBFL2",0.00241656279247372,"-",5559032,"USD",1
"PANW","PALO ALTO NETWORKS INC","697435105","B87ZMX0",0.00241555215980756,"-",3852472,"USD",1
"ADI","ANALOG DEVICES INC","032654105","2032067",0.00235549456315148,"-",5913642,"USD",1
"SBUX","STARBUCKS CORP","855244109","2842255",0.00227018115610553,"-",13509077,"USD",1
"MDLZ","MONDELEZ INTERNATIONAL INC A","609207105","B8CKK03",0.00221637747446279,"-",16063265,"USD",1
"CI","THE CIGNA GROUP","125523100","BHJ0775",0.00220715169903511,"-",3386620,"USD",1
"FI","FISERV INC","337738108","2342034",0.00219224236564332,"-",6975796,"USD",1
"TMUS","T MOBILE US INC","872590104","B94Q9V0",0.0021880597472824,"-",6147521,"USD",1
"DE","DEERE + CO","244199105","2261203",0.00217839369623778,"-",3086817,"USD",1
"BX","BLACKSTONE INC","09260D107","BKF2SL7",0.00217034865996462,"-",8520389,"USD",1
"BMY","BRISTOL MYERS SQUIBB CO","110122108","2126335",0.00214420229207686,"-",24258684,"USD",1
"GILD","GILEAD SCIENCES INC","375558103","2369174",0.00214374200393188,"-",14857877,"USD",1
"SO","SOUTHERN CO/THE","842587107","2829601",0.00211752559219597,"-",13008393,"USD",1
"NKE","NIKE INC  CL B","654106103","2640147",0.00209238985697436,"-",14443567,"USD",1
"KLAC","KLA CORP","482480100","2480138",0.00207688014774129,"-",1605332,"USD",1
"LRCX","LAM RESEARCH CORP","512807108","2502247",0.00207567939605873,"-",1551048,"USD",1
"MU","MICRON TECHNOLOGY INC","595112103","2588184",0.00207109652713695,"-",13173011,"USD",2
"SCHW","SCHWAB (CHARLES) CORP","808513105","2779397",0.00203834602499511,"-",17750597,"USD",2
"BA","BOEING CO/THE","097023105","2108601",0.00203195202228547,"-",6843990,"USD",2
"UPS","UNITED PARCEL SERVICE CL B","911312106","2517382",0.00202634851443352,"-",8627271,"USD",2
"MO","ALTRIA GROUP INC","02209S103","2692632",0.00202020466832442,"-",20478612,"USD",2
"ICE","INTERCONTINENTAL EXCHANGE IN","45866F104","BFSSDS9",0.0020113791434576,"-",6825408,"USD",2
"DUK","DUKE ENERGY CORP","26441C204","B7VD3F2",0.00196241849360118,"-",9190851,"USD",2
"CL","COLGATE PALMOLIVE CO","194162103","2209106",0.00191622957887867,"-",9816626,"USD",2
"ZTS","ZOETIS INC","98978V103","B95WG16",0.00188412948389822,"-",5392175,"USD",2
"SHW","SHERWIN WILLIAMS CO/THE","824348106","2804211",0.00184418447792503,"-",2780776,"USD",2
"ANET","ARISTA NETWORKS INC","040413106","BN33VM5",0.00177431073626401,"-",2997760,"USD",2
"INTC","INTEL CORP","458140100","2463247",0.00175373785743613,"-",50461196,"USD",2
"EQIX","EQUINIX INC","29444U700","BVLZX12",0.00171490354676931,"-",1131267,"USD",2
"KKR","KKR + CO INC","48251W104","BG1FRR1",0.00171310241924547,"-",7935180,"USD",2
"CME","CME GROUP INC","12572Q105","2965839",0.00171033068411156,"-",4294318,"USD",2
"TT","TRANE TECHNOLOGIES PLC","G8994E103","BK9ZQ96",0.00169812304200553,"-",2698459,"USD",2
"WM","WASTE MANAGEMENT INC","94106L109","2937667",0.00165991912597205,"-",4369251,"USD",2
"AON","AON PLC CLASS A","G0403H108","BLP1HW5",0.00165587659530743,"-",2592359,"USD",2
"WELL","WELLTOWER INC","95040Q104","BYVYHH4",0.00165428559932804,"-",7128920,"USD",2
"MCO","MOODY S CORP","615369105","2252058",0.00164918240467715,"-",1876462,"USD",2
"HCA","HCA HEALTHCARE INC","40412C101","B4MGBG6",0.00162114485288936,"-",2310789,"USD",2
"PH","PARKER HANNIFIN CORP","701094104","2671501",0.00161997411999886,"-",1532053,"USD",2
"CMG","CHIPOTLE MEXICAN GRILL INC","169656105","B0X7DZ3",0.00161862327435598,"-",16359543,"USD",2
"NOC","NORTHROP GRUMMAN CORP","666807102","2648806",0.0015850122335083,"-",1659091,"USD",2
"MSI","MOTOROLA SOLUTIONS INC","620076307","B5BKPQ4",0.00158348127511303,"-",1979803,"USD",2
"PNC","PNC FINANCIAL SERVICES GROUP","693475105","2692665",0.0015806995337151,"-",4749713,"USD",2
"PYPL","PAYPAL HOLDINGS INC","70450Y103","BYW36M8",0.00157614668358539,"-",12470833,"USD",2
"APH","AMPHENOL CORP CL A","032095101","2145084",0.00157538620751977,"-",14234070,"USD",2
"TDG","TRANSDIGM GROUP INC","893641100","B11FJK3",0.00156642059495665,"-",659758,"USD",2
"CVS","CVS HEALTH CORP","126650100","2577609",0.0015451572839113,"-",15014102,"USD",2
"MMM","3M CO","88579Y101","2595708",0.00154350625034778,"-",6593016,"USD",2
"SNPS","SYNOPSYS INC","871607107","2867719",0.00153419041854391,"-",1813662,"USD",2
"USB","US BANCORP","902973304","2736035",0.00153148872725815,"-",18567040,"USD",2
"CTAS","CINTAS CORP","172908105","2197137",0.00151086581711017,"-",1030206,"USD",2
"TGT","TARGET CORP","87612E106","2259101",0.00151030546632497,"-",5503161,"USD",2
"EOG","EOG RESOURCES INC","26875P101","2318024",0.00150474198352911,"-",6852004,"USD",2
"CDNS","CADENCE DESIGN SYS INC","127387108","2302232",0.00149450557543528,"-",3243745,"USD",2
"BDX","BECTON DICKINSON AND CO","075887109","2087807",0.00149338487386489,"-",3454334,"USD",2
"GD","GENERAL DYNAMICS CORP","369550108","2365161",0.00148193770782448,"-",2696495,"USD",2
"ITW","ILLINOIS TOOL WORKS","452308109","2457552",0.00145821285582988,"-",3242843,"USD",2
"ORLY","O REILLY AUTOMOTIVE INC","67103H107","B65LWX6",0.00144506462490584,"-",705433,"USD",2
"MCK","MCKESSON CORP","58155Q103","2378534",0.00143872065351631,"-",1549684,"USD",2
"CSX","CSX CORP","126408103","2160753",0.00143401770942628,"-",23307453,"USD",2
"AJG","ARTHUR J GALLAGHER + CO","363576109","2359506",0.00140018653077013,"-",2570068,"USD",2
"FDX","FEDEX CORP","31428X106","2142784",0.00139344230881974,"-",2698892,"USD",2
"ECL","ECOLAB INC","278865100","2304227",0.00137427030695486,"-",3026111,"USD",2
"APD","AIR PRODUCTS + CHEMICALS INC","009158106","2011602",0.00132352854210264,"-",2652238,"USD",2
"NXPI","NXP SEMICONDUCTORS NV","N6596X109","B505PN7",0.00128121205155639,"-",3048631,"USD",2
"ROP","ROPER TECHNOLOGIES INC","776696106","2749602",0.00127857039785476,"-",1267765,"USD",2
"NEM","NEWMONT CORP","651639106","2636607",0.00127193624480861,"-",13760348,"USD",3
"NSC","NORFOLK SOUTHERN CORP","655844108","2641894",0.00126195999957934,"-",2696364,"USD",3
"FCX","FREEPORT MCMORAN INC","35671D857","2352118",0.00125937838346183,"-",17104831,"USD",3
"SLB","SCHLUMBERGER LTD","806857108","2779201",0.00125058287738707,"-",16981192,"USD",3
"MPC","MARATHON PETROLEUM CORP","56585A102","B3K3L40",0.00124976236373732,"-",4200668,"USD",3
"EMR","EMERSON ELECTRIC CO","291011104","2313405",0.0012337623475672,"-",6798330,"USD",3
"TFC","TRUIST FINANCIAL CORP","89832Q109","BKP7287",0.00123201125136347,"-",15868943,"USD",3
"AFL","AFLAC INC","001055102","2026361",0.00122917947864543,"-",6165103,"USD",3
"DHI","DR HORTON INC","23331A109","2250687",0.00121689178642722,"-",3560800,"USD",3
"PSA","PUBLIC STORAGE","74460D109","2852533",0.00120999747051652,"-",1888869,"USD",3
"TRV","TRAVELERS COS INC/THE","89417E109","2769503",0.0011917960762617,"-",2724228,"USD",3
"MAR","MARRIOTT INTERNATIONAL  CL A","571903202","2210614",0.00119155592592519,"-",2860230,"USD",3
"O","REALTY INCOME CORP","756109104","2724193",0.00118932452904843,"-",10381756,"USD",3
"ADSK","AUTODESK INC","052769106","2065159",0.00118766348922089,"-",2548933,"USD",3
"AEP","AMERICAN ELECTRIC POWER","025537101","2026242",0.0011847616726547,"-",6271393,"USD",3
"COF","CAPITAL ONE FINANCIAL CORP","14040H105","2654461",0.00118052902297367,"-",4542568,"USD",3
"PSX","PHILLIPS 66","718546104","B78C4Y8",0.00117873790171385,"-",5054205,"USD",3
"WMB","WILLIAMS COS INC","969457100","2967181",0.00117804746949638,"-",14519462,"USD",3
"GM","GENERAL MOTORS CO","37045V100","B665KZ5",0.00117510562787411,"-",13603220,"USD",3
"AZO","AUTOZONE INC","053332102","2065955",0.00117237391779628,"-",206151,"USD",3
"OKE","ONEOK INC","682680103","2130109",0.00116684045379248,"-",6956291,"USD",3
"HLT","HILTON WORLDWIDE HOLDINGS IN","43300A203","BYVMW06",0.00115225132084937,"-",2941547,"USD",3
"SPG","SIMON PROPERTY GROUP INC","828806109","2812452",0.00114792861479215,"-",3889831,"USD",3
"SRE","SEMPRA","816851109","2138158",0.00113511059058081,"-",7509629,"USD",3
"CCI","CROWN CASTLE INC","22822V101","BTGQCX1",0.00110898423522109,"-",5177046,"USD",3
"ROST","ROSS STORES INC","778296103","2746711",0.00110433132245117,"-",4028375,"USD",3
"BK","BANK OF NEW YORK MELLON CORP","064058100","B1Z77F6",0.00110037884816274,"-",8916008,"USD",3
"KMB","KIMBERLY CLARK CORP","494368103","2491839",0.001080806595737,"-",4029412,"USD",3
"PCAR","PACCAR INC","693718108","2665861",0.00107972591922269,"-",6238395,"USD",3
"ALL","ALLSTATE CORP","020002101","2019952",0.00106565711200869,"-",3123600,"USD",3
"AIG","AMERICAN INTERNATIONAL GROUP","026874784","2027342",0.00105011738398355,"-",7912820,"USD",3
"DLR","DIGITAL REALTY TRUST INC","253868103","B03GQS4",0.00104811613117928,"-",3851051,"USD",3
"D","DOMINION ENERGY INC","25746U109","2542049",0.0010434832309374,"-",9980335,"USD",3
"FTNT","FORTINET INC","34959E109","B5B2106",0.00103995101973787,"-",7598302,"USD",3
"URI","UNITED RENTALS INC","911363109","2134781",0.00101521553507711,"-",800443,"USD",3
"FIS","FIDELITY NATIONAL INFO SERV","31620M106","2769796",0.000991450658026431,"-",6631951,"USD",3
"JCI","JOHNSON CONTROLS INTERNATION","G51502105","BY7QL61",0.000988638897836435,"-",7907841,"USD",3
"MET","METLIFE INC","59156R108","2573209",0.000979633260217229,"-",7121540,"USD",3
"LEN","LENNAR CORP A","526057104","2511920",0.000967595724599556,"-",2946341,"USD",3
"TEL","TE CONNECTIVITY LTD","H84989104","B62B7C3",0.000963673269103191,"-",3651273,"USD",3
"MSCI","MSCI INC","55354G100","B2972D2",0.000960321170656042,"-",943760,"USD",3
"IQV","IQVIA HOLDINGS INC","46266C105","BDR73G1",0.000959040368861311,"-",2184732,"USD",3
"FICO","FAIR ISAAC CORP","303250104","2330299",0.000954647618955943,"-",294865,"USD",3
"VLO","VALERO ENERGY CORP","91913Y100","2041364",0.000953226729464912,"-",3898664,"USD",3
"AMP","AMERIPRISE FINANCIAL INC","03076C106","B0J7D57",0.000950194831466446,"-",1194870,"USD",3
"LHX","L3HARRIS TECHNOLOGIES INC","502431109","BK9DTN5",0.000944281129429834,"-",2259949,"USD",4
"CPRT","COPART INC","217204106","2208073",0.000935385560714863,"-",10385652,"USD",4
"GWW","WW GRAINGER INC","384802104","2380863",0.000932984057349742,"-",526610,"USD",4
"GIS","GENERAL MILLS INC","370334104","2367026",0.000927780800058645,"-",6774219,"USD",4
"PAYX","PAYCHEX INC","704326107","2674458",0.000924078482370749,"-",3834935,"USD",4
"PCG","P G + E CORP","69331C108","2689560",0.0009190853566241,"-",25457475,"USD",4
"RSG","REPUBLIC SERVICES INC","760759100","2262530",0.000912371153465781,"-",2438511,"USD",4
"F","FORD MOTOR CO","345370860","2615468",0.00090444619236088,"-",46555532,"USD",4
"PRU","PRUDENTIAL FINANCIAL INC","744320102","2819118",0.000901574394586755,"-",4303643,"USD",4
"ACGL","ARCH CAPITAL GROUP LTD","G0450A105","2740542",0.000901114106441774,"-",4425413,"USD",4
"HUM","HUMANA INC","444859102","2445063",0.000899823298383021,"-",1436309,"USD",4
"KMI","KINDER MORGAN INC","49456B101","B3NQ4P8",0.000887565624956879,"-",23059605,"USD",4
"MCHP","MICROCHIP TECHNOLOGY INC","595017104","2592174",0.000886585011082788,"-",6451115,"USD",4
"STZ","CONSTELLATION BRANDS INC A","21036P108","2170473",0.000879450544835573,"-",1923405,"USD",4
"CMI","CUMMINS INC","231021106","2240202",0.000878920212842442,"-",1624855,"USD",4
"A","AGILENT TECHNOLOGIES INC","00846U101","2520153",0.000878079686664649,"-",3489131,"USD",4
"PEG","PUBLIC SERVICE ENTERPRISE GP","744573106","2707677",0.000870735088872985,"-",5941099,"USD",4
"MPWR","MONOLITHIC POWER SYSTEMS INC","609839105","B01Z7J1",0.000870404882160281,"-",571287,"USD",4
"IDXX","IDEXX LABORATORIES INC","45168D104","2459202",0.000868033397587224,"-",991590,"USD",4
"EW","EDWARDS LIFESCIENCES CORP","28176E108","2567116",0.000865771981918401,"-",7229603,"USD",4
"COR","CENCORA INC","03073E105","2795393",0.000854985229303396,"-",1983436,"USD",4
"SYY","SYSCO CORP","871829107","2868165",0.00084844113263344,"-",5937350,"USD",4
"VRSK","VERISK ANALYTICS INC","92345Y106","B4P9W92",0.000847240380950879,"-",1701333,"USD",4
"FAST","FASTENAL CO","311900104","2332262",0.000846189723228638,"-",6819099,"USD",4
"KDP","KEURIG DR PEPPER INC","49271V100","BD3W133",0.0008441084203122,"-",12427499,"USD",4
"EXC","EXELON CORP","30161N101","2670519",0.000838624987628505,"-",11881280,"USD",4
"IT","GARTNER INC","366651107","2372763",0.000834672513340076,"-",929318,"USD",4
"CTSH","COGNIZANT TECH SOLUTIONS A","192446102","2257019",0.000827568065884925,"-",5964733,"USD",4
"AME","AMETEK INC","031100100","2089212",0.000823625597860517,"-",2750660,"USD",4
"RCL","ROYAL CARIBBEAN CRUISES LTD","V7780T103","2754907",0.000822494890026105,"-",2816125,"USD",4
"CNC","CENTENE CORP","15135B101","2807061",0.000822324783537743,"-",6369530,"USD",4
"YUM","YUM  BRANDS INC","988498101","2098876",0.000811808200051314,"-",3348221,"USD",4
"EXR","EXTRA SPACE STORAGE INC","30225T102","B02HWR9",0.000803172794200898,"-",2522087,"USD",4
"HWM","HOWMET AEROSPACE INC","443201108","BKLJ8V2",0.000796978916771688,"-",4667658,"USD",4
"RMD","RESMED INC","761152107","2732903",0.000796728760171155,"-",1751772,"USD",4
"EFX","EQUIFAX INC","294429105","2319146",0.000793566780740411,"-",1464200,"USD",4
"PWR","QUANTA SERVICES INC","74762E102","2150204",0.000790865089454649,"-",1735408,"USD",4
"ED","CONSOLIDATED EDISON INC","209115104","2216850",0.000786822558790028,"-",4121589,"USD",4
"MNST","MONSTER BEVERAGE CORP","61174X109","BZ07BW4",0.000781999539531742,"-",8456718,"USD",4
"HES","HESS CORP","42809H107","2023748",0.000773524233905667,"-",3293314,"USD",4
"IR","INGERSOLL RAND INC","45687V106","BL5GZ82",0.000769601778409302,"-",4828952,"USD",4
"EA","ELECTRONIC ARTS INC","285512109","2310194",0.000765879448193364,"-",2912315,"USD",4
"HIG","HARTFORD FINANCIAL SVCS GRP","416515104","2476193",0.000761776879944614,"-",3575366,"USD",4
"VICI","VICI PROPERTIES INC","925652109","BYWH073",0.000761486698287995,"-",12340097,"USD",4
"XEL","XCEL ENERGY INC","98389B100","2614807",0.000757704330487929,"-",6548457,"USD",4
"CBRE","CBRE GROUP INC   A","12504L109","B6WVMH3",0.00074583690135862,"-",3550684,"USD",4
"OXY","OCCIDENTAL PETROLEUM CORP","674599105","2655408",0.000745666794870257,"-",7874404,"USD",5
"KR","KROGER CO","501044101","2497406",0.000739032641824108,"-",7802881,"USD",5
"ODFL","OLD DOMINION FREIGHT LINE","679580100","2656423",0.00073800199662991,"-",2133778,"USD",5
"BKR","BAKER HUGHES CO","05722G100","BDHLTQ5",0.000735170223911871,"-",11973730,"USD",5
"NUE","NUCOR CORP","670346105","2651086",0.000734079541133545,"-",2858355,"USD",5
"DFS","DISCOVER FINANCIAL SERVICES","254709108","B1YLC43",0.00072582437331594,"-",2987076,"USD",5
"DD","DUPONT DE NEMOURS INC","26614N102","BK0VN47",0.000722772462789431,"-",4984830,"USD",5
"EIX","EDISON INTERNATIONAL","281020107","2829515",0.0007165685790962,"-",4567214,"USD",5
"CSGP","COSTAR GROUP INC","22160N109","2262864",0.00070484123766319,"-",4863027,"USD",5
"IRM","IRON MOUNTAIN INC","46284V101","BVFTF03",0.000700528537869992,"-",3482068,"USD",5
"FANG","DIAMONDBACK ENERGY INC","25278X109","B7Y8YR3",0.000697716777679995,"-",2136288,"USD",5
"TRGP","TARGA RESOURCES CORP","87612G101","B55PZY3",0.000697286508327078,"-",2658281,"USD",5
"CHTR","CHARTER COMMUNICATIONS INC A","16119P108","BZ6VT82",0.000697196451950886,"-",1177686,"USD",5
"AVB","AVALONBAY COMMUNITIES INC","053484101","2131179",0.000687860607618976,"-",1673842,"USD",5
"GLW","CORNING INC","219350105","2224701",0.000680986304236315,"-",9120502,"USD",5
"MLM","MARTIN MARIETTA MATERIALS","573284106","2572079",0.000680546028619376,"-",737726,"USD",5
"XYL","XYLEM INC","98419M100","B3P2CN8",0.000672711123890667,"-",2854567,"USD",5
"VMC","VULCAN MATERIALS CO","929160109","2931205",0.00066974926974035,"-",1585209,"USD",5
"WTW","WILLIS TOWERS WATSON PLC","G96629103","BDB6Q21",0.000660433437936483,"-",1231104,"USD",5
"EBAY","EBAY INC","278642103","2293819",0.000653389028065459,"-",6032676,"USD",5
"WEC","WEC ENERGY GROUP INC","92939U106","BYY8XK8",0.000650807411947953,"-",3764543,"USD",5
"MTD","METTLER TOLEDO INTERNATIONAL","592688105","2126249",0.0006504071613871,"-",257722,"USD",5
"ON","ON SEMICONDUCTOR","682189105","2583576",0.000647725482629381,"-",5121980,"USD",5
"ROK","ROCKWELL AUTOMATION INC","773903109","2754060",0.000646744868755289,"-",1368861,"USD",5
"HPQ","HP INC","40434L105","BYX4D52",0.000644603528254723,"-",10348197,"USD",5
"PPG","PPG INDUSTRIES INC","693506107","2698470",0.000644033171205506,"-",2801544,"USD",5
"NDAQ","NASDAQ INC","631103108","2965107",0.00064346281415629,"-",4927743,"USD",5
"TSCO","TRACTOR SUPPLY COMPANY","892356106","2900335",0.000640861185510742,"-",1289084,"USD",5
"ADM","ARCHER DANIELS MIDLAND CO","039483102","2047317",0.000639190139419178,"-",5894676,"USD",5
"HSY","HERSHEY CO/THE","427866108","2422806",0.000635467809203239,"-",1715554,"USD",5
"NVR","NVR INC","62944T105","2637785",0.000633236412326481,"-",37975,"USD",5
"BIIB","BIOGEN INC","09062X103","2455965",0.000627202635121613,"-",1727057,"USD",5
"CDW","CDW CORP/DE","12514G108","BBM5MD6",0.000624300818555424,"-",1599706,"USD",5
"KHC","KRAFT HEINZ CO/THE","500754106","BYRY499",0.000623370236001439,"-",9488281,"USD",5
"LULU","LULULEMON ATHLETICA INC","550021109","B23FN39",0.000621969359038452,"-",1372887,"USD",5
"FITB","FIFTH THIRD BANCORP","316773100","2336747",0.000616906189443654,"-",8137153,"USD",5
"AWK","AMERICAN WATER WORKS CO INC","030420103","B2R3PV1",0.000615245149616111,"-",2312100,"USD",5
"DAL","DELTA AIR LINES INC","247361702","B1W9D46",0.000611422756759959,"-",7680764,"USD",5
"GPN","GLOBAL PAYMENTS INC","37940X102","2712013",0.000610001867268929,"-",3042870,"USD",5
"GRMN","GARMIN LTD","H2906T109","B3Z5T14",0.000609521566595905,"-",1828212,"USD",5
"MTB","M + T BANK CORP","55261F104","2340168",0.000609131322299072,"-",1980308,"USD",5
"WAB","WABTEC CORP","929740108","2955733",0.000608320814913344,"-",2051346,"USD",5
"PHM","PULTEGROUP INC","745867101","2708841",0.000606539699917545,"-",2528987,"USD",5
"DXCM","DEXCOM INC","252131107","B0796X4",0.000602377094084668,"-",4741506,"USD",5
"CAH","CARDINAL HEALTH INC","14149Y108","2175672",0.000599495290046522,"-",2916235,"USD",5
"ANSS","ANSYS INC","03662Q105","2045623",0.000584756063143088,"-",1036035,"USD",5
"DVN","DEVON ENERGY CORP","25179M103","2480677",0.000577181321278934,"-",7649839,"USD",5
"IFF","INTL FLAVORS + FRAGRANCES","459506101","2464165",0.000574799830441855,"-",3048530,"USD",5
"ETR","ENTERGY CORP","29364G103","2317087",0.000562362044263329,"-",2525758,"USD",5
"SBAC","SBA COMMUNICATIONS CORP","78410G104","BZ6TS23",0.000562261981623116,"-",1286413,"USD",5
"CHD","CHURCH + DWIGHT CO INC","171340102","2195841",0.000562091875134753,"-",2920688,"USD",6
"VTR","VENTAS INC","92276F100","2927925",0.000560320766402976,"-",4791958,"USD",6
"DTE","DTE ENERGY COMPANY","233331107","2280220",0.000559029958344223,"-",2461442,"USD",6
"AXON","AXON ENTERPRISE INC","05464C101","BDT5S35",0.000559029958344223,"-",841800,"USD",6
"EQR","EQUITY RESIDENTIAL","29476L107","2319157",0.00055877980174369,"-",4082672,"USD",6
"HAL","HALLIBURTON CO","406216101","2405302",0.000557599062589171,"-",10668022,"USD",6
"KEYS","KEYSIGHT TECHNOLOGIES IN","49338L103","BQZJ0Q9",0.000553656594564763,"-",2083386,"USD",6
"FTV","FORTIVE CORP","34959J108","BYT3MK1",0.000552986174875334,"-",4196203,"USD",6
"MRNA","MODERNA INC","60770K107","BGSXTS3",0.000551735391872666,"-",3951759,"USD",6
"STT","STATE STREET CORP","857477103","2842040",0.000549053713114947,"-",3601164,"USD",6
"DOV","DOVER CORP","260003108","2278407",0.000544140637480469,"-",1669046,"USD",6
"BR","BROADRIDGE FINANCIAL SOLUTIO","11133T103","B1VP7R6",0.000539107486677735,"-",1404281,"USD",6
"TTWO","TAKE TWO INTERACTIVE SOFTWRE","874054109","2122117",0.000537636565866598,"-",1887216,"USD",6
"TYL","TYLER TECHNOLOGIES INC","902252105","2909644",0.000534784780620516,"-",498214,"USD",6
"BRO","BROWN + BROWN INC","115236101","2692687",0.000532093095598776,"-",2814957,"USD",6
"VST","VISTRA CORP","92840M102","BZ8VJQ8",0.000531922989110413,"-",3894253,"USD",6
"STE","STERIS PLC","G8473T100","BFY8C75",0.000527550251733087,"-",1179121,"USD",6
"LYB","LYONDELLBASELL INDU CL A","N53745100","B3SPXZ3",0.000524188147021917,"-",3034672,"USD",6
"ES","EVERSOURCE ENERGY","30040W108","BVVN4Q8",0.000517543987711747,"-",4172530,"USD",6
"NTAP","NETAPP INC","64110D104","2630643",0.000515932979204312,"-",2470298,"USD",6
"PPL","PPL CORP","69351T106","2680905",0.000514161870472535,"-",8766472,"USD",6
"TROW","T ROWE PRICE GROUP INC","74144T108","2702337",0.000502664673112015,"-",2663889,"USD",6
"FE","FIRSTENERGY CORP","337932107","2100920",0.000499882931714082,"-",6166594,"USD",6
"DECK","DECKERS OUTDOOR CORP","243537107","2267278",0.000498842280255863,"-",306145,"USD",6
"HPE","HEWLETT PACKARD ENTERPRISE","42824C109","BYVYWS0",0.000490887300358898,"-",15304241,"USD",6
"WST","WEST PHARMACEUTICAL SERVICES","955306105","2950482",0.000485343830091075,"-",881754,"USD",6
"CBOE","CBOE GLOBAL MARKETS INC","12503M108","B5834C5",0.000484713435457731,"-",1258475,"USD",6
"WY","WEYERHAEUSER CO","962166104","2958936",0.000480640886001046,"-",8712647,"USD",6
"RJF","RAYMOND JAMES FINANCIAL INC","754730109","2718992",0.000478189351315817,"-",2245530,"USD",6
"FSLR","FIRST SOLAR INC","336433107","B1HMF22",0.0004777590819629,"-",1276556,"USD",6
"AEE","AMEREN CORPORATION","023608102","2050832",0.000477258768761833,"-",3095864,"USD",6
"ZBH","ZIMMER BIOMET HOLDINGS INC","98956P102","2783815",0.000476628374128488,"-",2494796,"USD",6
"CPAY","CORPAY INC","219948106","BMX5GK7",0.000469483901617251,"-",838035,"USD",6
"CINF","CINCINNATI FINANCIAL CORP","172062101","2196888",0.000469483901617251,"-",1873933,"USD",6
"GDDY","GODADDY INC   CLASS A","380237107","BWFRFC6",0.000468243124878605,"-",1680716,"USD",6
"COO","COOPER COS INC/THE","216648501","BQPDXR3",0.000465081145447862,"-",2362279,"USD",6
"K","KELLANOVA","487836108","2486813",0.000460248119925555,"-",3150113,"USD",6
"HBAN","HUNTINGTON BANCSHARES INC","446150104","2445966",0.000457246240719153,"-",17114296,"USD",6
"RF","REGIONS FINANCIAL CORP","7591EP100","B01R311",0.000455515157043461,"-",11084206,"USD",6
"LDOS","LEIDOS HOLDINGS INC","525327102","BDV82B8",0.000454564561961434,"-",1625354,"USD",6
"MKC","MCCORMICK + CO NON VTG SHRS","579780206","2550161",0.000454524536905348,"-",2996162,"USD",6
"SMCI","SUPER MICRO COMPUTER INC","86800U104","B1VQR35",0.000448660866188843,"-",600645,"USD",6
"INVH","INVITATION HOMES INC","46187W107","BD81GW9",0.000446899763721087,"-",6870742,"USD",6
"CLX","CLOROX COMPANY","189054109","2204026",0.000445598949398313,"-",1480044,"USD",6
"BLDR","BUILDERS FIRSTSOURCE INC","12008R107","B0BV2M7",0.00044527874894963,"-",1470447,"USD",6
"HUBB","HUBBELL INC","443510607","BDFG6S3",0.000440535779803515,"-",639292,"USD",6
"CMS","CMS ENERGY CORP","125896100","2219224",0.000439595190985509,"-",3489703,"USD",6
"EL","ESTEE LAUDER COMPANIES CL A","518439104","2320524",0.000439445097025189,"-",2774467,"USD",6
"BALL","BALL CORP","058498106","2073022",0.000438564545791311,"-",3743115,"USD",7
"WDC","WESTERN DIGITAL CORP","958102105","2954699",0.000436543280459,"-",3825864,"USD",7
"PTC","PTC INC","69370C100","B95N910",0.000434421952486476,"-",1420560,"USD",7
"TDY","TELEDYNE TECHNOLOGIES INC","879360105","2503477",0.000434081739509751,"-",561417,"USD",7
"ATO","ATMOS ENERGY CORP","049560105","2315359",0.000432700875074806,"-",1774494,"USD",7
"BAX","BAXTER INTERNATIONAL INC","071813109","2085102",0.000432160536817653,"-",6044639,"USD",7
"SYF","SYNCHRONY FINANCIAL","87165B103","BP96PS6",0.000428678356938227,"-",4883094,"USD",7
"WAT","WATERS CORP","941848103","2937689",0.000427287486239261,"-",705986,"USD",7
"STX","SEAGATE TECHNOLOGY HOLDINGS","G7997R103","BKVD2N4",0.000425656465203782,"-",2304734,"USD",7
"OMC","OMNICOM GROUP","681919106","2279303",0.000425286233434993,"-",2359575,"USD",7
"HOLX","HOLOGIC INC","436440101","2433530",0.000421924128723822,"-",2799790,"USD",7
"CFG","CITIZENS FINANCIAL GROUP","174610105","BQRX1X3",0.000419532631622722,"-",5553739,"USD",7
"ESS","ESSEX PROPERTY TRUST INC","297178105","2316619",0.000419042324685676,"-",766323,"USD",7
"LH","LABCORP HOLDINGS INC","504922105","BSBK800",0.000418532005220588,"-",1012093,"USD",7
"GPC","GENUINE PARTS CO","372460105","2367480",0.000416670840112619,"-",1673595,"USD",7
"TER","TERADYNE INC","880770102","2884183",0.000413078591328958,"-",1824947,"USD",7
"BBY","BEST BUY CO INC","086516101","2094670",0.000411867833382376,"-",2303968,"USD",7
"EQT","EQT CORP","26884L109","2319414",0.000410316862459068,"-",7055648,"USD",7
"DRI","DARDEN RESTAURANTS INC","237194105","2289874",0.000409696474089745,"-",1434533,"USD",7
"MOH","MOLINA HEALTHCARE INC","60855R100","2212706",0.000409446317489211,"-",694011,"USD",7
"TSN","TYSON FOODS INC CL A","902494103","2909730",0.000408555759991312,"-",3407973,"USD",7
"APTV","APTIV PLC","G6095L109","B783TY6",0.0004083156096548,"-",3243289,"USD",7
"ULTA","ULTA BEAUTY INC","90384S303","B28TS42",0.000405583899576974,"-",583241,"USD",7
"MAA","MID AMERICA APARTMENT COMM","59522J103","2589132",0.000404072953709752,"-",1383170,"USD",7
"ARE","ALEXANDRIA REAL ESTATE EQUIT","015271109","2009210",0.000401061068239328,"-",1861036,"USD",7
"PKG","PACKAGING CORP OF AMERICA","695156109","2504566",0.000398329358161503,"-",1068623,"USD",7
"J","JACOBS SOLUTIONS INC","46982L108","BNGC0D3",0.000396208030188979,"-",1504115,"USD",7
"NTRS","NORTHERN TRUST CORP","665859104","2648668",0.000395337485219122,"-",2471781,"USD",7
"WRB","WR BERKLEY CORP","084423102","2093644",0.000394516971569372,"-",3645589,"USD",7
"DG","DOLLAR GENERAL CORP","256677105","B5B1S13",0.000386321841335895,"-",2617643,"USD",7
"AVY","AVERY DENNISON CORP","053611109","2066408",0.000385421277573974,"-",963123,"USD",7
"LUV","SOUTHWEST AIRLINES CO","844741108","2831543",0.000384780876676608,"-",7101785,"USD",7
"PFG","PRINCIPAL FINANCIAL GROUP","74251V102","2803014",0.000377306197452667,"-",2613691,"USD",7
"CNP","CENTERPOINT ENERGY INC","15189T107","2440637",0.000376745846667472,"-",7541922,"USD",7
"EXPD","EXPEDITORS INTL WASH INC","302130109","2325507",0.000376115452034128,"-",1684291,"USD",7
"DGX","QUEST DIAGNOSTICS INC","74834L100","2702791",0.000373934086477476,"-",1329836,"USD",7
"CTRA","COTERRA ENERGY INC","127097103","2162340",0.000372553222042531,"-",8966076,"USD",7
"TXT","TEXTRON INC","883203101","2885937",0.0003696313929483,"-",2334521,"USD",7
"MAS","MASCO CORP","574599106","2570200",0.000369441273931894,"-",2621774,"USD",7
"EXPE","EXPEDIA GROUP INC","30212P303","B748CK2",0.000366409375933428,"-",1513262,"USD",7
"ZBRA","ZEBRA TECHNOLOGIES CORP CL A","989207105","2989356",0.000365628887339764,"-",611792,"USD",7
"EG","EVEREST GROUP LTD","G3223R108","2556868",0.000363077290014322,"-",514767,"USD",7
"IP","INTERNATIONAL PAPER CO","460146103","2465254",0.000358354333396249,"-",4130063,"USD",7
"STLD","STEEL DYNAMICS INC","858119100","2849472",0.000355472529358103,"-",1761328,"USD",7
"FDS","FACTSET RESEARCH SYSTEMS INC","303075105","2329770",0.000354181721299351,"-",453116,"USD",7
"NRG","NRG ENERGY INC","629377508","2212922",0.000353000982144832,"-",2485853,"USD",7
"WBD","WARNER BROS DISCOVERY INC","934423104","BM8JYX3",0.000352140443438997,"-",26468994,"USD",7
"VRSN","VERISIGN INC","92343E102","2142922",0.000350849635380244,"-",1058003,"USD",7
"CCL","CARNIVAL CORP","143658300","2523044",0.000350689535155903,"-",12004031,"USD",7
"AMCR","AMCOR PLC","G0250X107","BJ1F307",0.000348628244767507,"-",17233661,"USD",7
"UAL","UNITED AIRLINES HOLDINGS INC","910047109","B4QG225",0.000347297411652669,"-",3909005,"USD",8
"SWKS","SKYWORKS SOLUTIONS INC","83088M102","2961053",0.00034633681030662,"-",1903991,"USD",8
"ALGN","ALIGN TECHNOLOGY INC","016255101","2679204",0.000343014730651535,"-",850192,"USD",8
"DOC","HEALTHPEAK PROPERTIES INC","42250P103","BJBLRK3",0.000340232989253603,"-",8436166,"USD",8
"CAG","CONAGRA BRANDS INC","205887102","2215460",0.00033939246307581,"-",5672514,"USD",8
"KIM","KIMCO REALTY CORP","49446R109","2491594",0.000337361191479478,"-",7948273,"USD",8
"PODD","INSULET CORP","45784P101","B1XGNW4",0.000333078510478345,"-",834044,"USD",8
"KEY","KEYCORP","493267108","2490911",0.000329646361919025,"-",11179381,"USD",8
"MRO","MARATHON OIL CORP","565849106","2910970",0.000326394326112089,"-",6725449,"USD",8
"NI","NISOURCE INC","65473P105","2645409",0.000325833975326894,"-",5344979,"USD",8
"LNT","ALLIANT ENERGY CORP","018802108","2973821",0.000324823342660739,"-",3008205,"USD",8
"IEX","IDEX CORP","45167R104","2456612",0.000322521901935831,"-",897557,"USD",8
"SWK","STANLEY BLACK + DECKER INC","854502101","B3Q2FJ4",0.000321801450926294,"-",1835714,"USD",8
"LVS","LAS VEGAS SANDS CORP","517834107","B02T2J7",0.000321111018708822,"-",4404870,"USD",8
"L","LOEWS CORP","540424108","2523022",0.000320160423626795,"-",2182824,"USD",8
"SNA","SNAP ON INC","833034101","2818740",0.000318829590511956,"-",631527,"USD",8
"DPZ","DOMINO S PIZZA INC","25754A201","B01SD70",0.000318569427647402,"-",416041,"USD",8
"RVTY","REVVITY INC","714046109","2305844",0.00031847937127121,"-",1471471,"USD",8
"GEN","GEN DIGITAL INC","668771108","BJN4XN5",0.000314907135015591,"-",6718149,"USD",8
"BG","BUNGE GLOBAL SA","H11356104","BQ6BPG9",0.00031198530592136,"-",1730612,"USD",8
"AKAM","AKAMAI TECHNOLOGIES INC","00971T101","2507457",0.000311785180640933,"-",1799515,"USD",8
"CF","CF INDUSTRIES HOLDINGS INC","125269100","B0G4K50",0.000311585055360506,"-",2178830,"USD",8
"PNR","PENTAIR PLC","G7S00T104","BLS09M3",0.000308663226266275,"-",1957555,"USD",8
"ENPH","ENPHASE ENERGY INC","29355A107","B65SQW4",0.000305651340795852,"-",1627642,"USD",8
"DLTR","DOLLAR TREE INC","256746108","2272476",0.000305010939898486,"-",2482394,"USD",8
"JBHT","HUNT (JB) TRANSPRT SVCS INC","445658107","2445416",0.000304460595377312,"-",972752,"USD",8
"ROL","ROLLINS INC","775711104","2747305",0.000302919630718026,"-",3347087,"USD",8
"EVRG","EVERGY INC","30034W106","BFMXGR0",0.000302689486645535,"-",2748011,"USD",8
"UHS","UNIVERSAL HEALTH SERVICES B","913903100","2923785",0.000299957776567709,"-",726627,"USD",8
"UDR","UDR INC","902653104","2727910",0.000293773905402521,"-",3620805,"USD",8
"TRMB","TRIMBLE INC","896239100","2903958",0.000293573780122094,"-",2966053,"USD",8
"LYV","LIVE NATION ENTERTAINMENT IN","538034109","B0T7YX2",0.000292312990855405,"-",1691955,"USD",8
"POOL","POOL CORP","73278L105","2781585",0.000291262333133165,"-",461272,"USD",8
"VTRS","VIATRIS INC","92556V106","BMWS3X9",0.000290581907179714,"-",14325707,"USD",8
"NDSN","NORDSON CORP","655663102","2641838",0.000289791412322028,"-",642840,"USD",8
"CPT","CAMDEN PROPERTY TRUST","133131102","2166320",0.000281926488801254,"-",1275129,"USD",8
"KMX","CARMAX INC","143130102","2983563",0.000277663820328164,"-",1889617,"USD",8
"JKHY","JACK HENRY + ASSOCIATES INC","426281101","2469193",0.000272740738429664,"-",870606,"USD",8
"JBL","JABIL INC","466313103","2471789",0.000269118470853939,"-",1438156,"USD",8
"SJM","JM SMUCKER CO/THE","832696405","2951452",0.0002679277254354,"-",1223294,"USD",8
"REG","REGENCY CENTERS CORP","758849103","2726177",0.00026650683594437,"-",1964455,"USD",8
"JNPR","JUNIPER NETWORKS INC","48203R104","2431846",0.000265856428782982,"-",3804863,"USD",8
"CE","CELANESE CORP","150870103","B05MZT4",0.00026068319028395,"-",1188428,"USD",8
"IPG","INTERPUBLIC GROUP OF COS INC","460690100","2466321",0.000258972119136301,"-",4575077,"USD",8
"FFIV","F5 INC","315616102","2427599",0.000258021524054273,"-",708145,"USD",8
"HST","HOST HOTELS + RESORTS INC","44107P104","2567503",0.000257070928972246,"-",8411154,"USD",8
"ALLE","ALLEGION PLC","G0176J109","BFRT3W7",0.00025688080995584,"-",1047511,"USD",8
"EPAM","EPAM SYSTEMS INC","29414B104","B44Z3T8",0.000256700697203456,"-",683374,"USD",8
"CHRW","C.H. ROBINSON WORLDWIDE INC","12541W209","2116228",0.000256180371474347,"-",1390829,"USD",8
"EMN","EASTMAN CHEMICAL CO","277432100","2298386",0.000252838279291219,"-",1415521,"USD",8
"TFX","TELEFLEX INC","879369106","2881407",0.0002509070703351,"-",561848,"USD",9
"TECH","BIO TECHNE CORP","09073M104","BSHZ3Q0",0.000247384865399589,"-",1882937,"USD",9
"AES","AES CORP","00130H105","2002479",0.000236758213008926,"-",8019398,"USD",9
"CTLT","CATALENT INC","148806102","BP96PQ4",0.000235417373630066,"-",2156170,"USD",9
"LKQ","LKQ CORP","501889208","2971029",0.000232885788832667,"-",3196231,"USD",9
"HII","HUNTINGTON INGALLS INDUSTRIE","446413106","B40SSC9",0.000231354830437402,"-",474135,"USD",9
"BXP","BXP INC","101121101","2019479",0.000227552450109293,"-",1680461,"USD",9
"TAP","MOLSON COORS BEVERAGE CO   B","60871R209","B067BM3",0.00022581136016958,"-",2214934,"USD",9
"QRVO","QORVO INC","74736K101","BR9YYP4",0.000223209731524031,"-",1163485,"USD",9
"CPB","CAMPBELL SOUP CO","134429109","2162845",0.00022170879192083,"-",2351266,"USD",9
"AIZ","ASSURANT INC","04621X108","2331430",0.000220848253214995,"-",627048,"USD",9
"NWSA","NEWS CORP   CLASS A","65249B109","BBGVT40",0.000220628115406526,"-",4551120,"USD",9
"PNW","PINNACLE WEST CAPITAL","723484101","2048804",0.000218486774905959,"-",1339835,"USD",9
"MTCH","MATCH GROUP INC","57667L107","BK80XH9",0.000212653122981518,"-",3238481,"USD",9
"MKTX","MARKETAXESS HOLDINGS INC","57060D108","B03Q9D0",0.000210521788744972,"-",448076,"USD",9
"CRL","CHARLES RIVER LABORATORIES","159864107","2604336",0.000208960811557643,"-",609374,"USD",9
"AOS","SMITH (A.O.) CORP","831865209","2816023",0.000207810091195189,"-",1463986,"USD",9
"TPR","TAPESTRY INC","876030107","BF09HX3",0.000205638731902558,"-",2732755,"USD",9
"HRL","HORMEL FOODS CORP","440452100","2437264",0.000203657491626333,"-",3449111,"USD",9
"ALB","ALBEMARLE CORP","012653101","2046853",0.000200215336802992,"-",1401126,"USD",9
"INCY","INCYTE CORP","45337C102","2471950",0.00019885448489609,"-",1752567,"USD",9
"LW","LAMB WESTON HOLDINGS INC","513272104","BDQZFJ3",0.000197263488916697,"-",1713493,"USD",9
"HSIC","HENRY SCHEIN INC","806407102","2416962",0.000195802574369581,"-",1559579,"USD",9
"APA","APA CORP","03743Q108","BNNF1C1",0.000195002073247874,"-",4293662,"USD",9
"GL","GLOBE LIFE INC","37959E102","BK6YKG1",0.000192260356906027,"-",1020686,"USD",9
"MGM","MGM RESORTS INTERNATIONAL","552953101","2547419",0.000190679367190655,"-",2991959,"USD",9
"GNRC","GENERAC HOLDINGS INC","368736104","B6197Q2",0.000190028960029268,"-",732389,"USD",9
"DAY","DAYFORCE INC","15677J108","BFX1V56",0.000189308509019731,"-",1828488,"USD",9
"HAS","HASBRO INC","418056107","2414580",0.000187607444136104,"-",1522180,"USD",9
"FRT","FEDERAL REALTY INVS TRUST","313745101","BN7P9B2",0.000186806943014396,"-",875210,"USD",9
"BF-B","BROWN FORMAN CORP CLASS B","115637209","2146838",0.000182144023980452,"-",2156742,"USD",9
"MOS","MOSAIC CO/THE","61945C103","B3NPHP6",0.000177881355507361,"-",3894847,"USD",9
"DVA","DAVITA INC","23918K108","2898087",0.000175960152815264,"-",642635,"USD",9
"PAYC","PAYCOM SOFTWARE INC","70432V102","BL95MY0",0.000173558649450142,"-",581323,"USD",9
"FMC","FMC CORP","302491303","2328603",0.000166924496403994,"-",1499832,"USD",9
"BWA","BORGWARNER INC","099724106","2111955",0.000166764396179652,"-",2782980,"USD",9
"MHK","MOHAWK INDUSTRIES INC","608190104","2598699",0.000166494227051076,"-",612543,"USD",9
"CZR","CAESARS ENTERTAINMENT INC","12769G100","BMWWGB0",0.000166354139354777,"-",2535605,"USD",9
"WYNN","WYNN RESORTS LTD","983134107","2963811",0.000160330368413931,"-",1143883,"USD",9
"AAL","AMERICAN AIRLINES GROUP INC","02376R102","BCV7KT2",0.000159359760803861,"-",7793517,"USD",9
"NCLH","NORWEGIAN CRUISE LINE HOLDIN","G66721104","B9CGTC3",0.000157938871312831,"-",4952112,"USD",9
"IVZ","INVESCO LTD","G491BT108","B28XP76",0.000156187775109096,"-",5379833,"USD",9
"RL","RALPH LAUREN CORP","751212101","B4V9661",0.000149893835039673,"-",473544,"USD",9
"BIO","BIO RAD LABORATORIES A","090572207","2098508",0.000146611780440674,"-",248999,"USD",9
"WBA","WALGREENS BOOTS ALLIANCE INC","931427108","BTN1Y44",0.000139307207705095,"-",8579328,"USD",9
"BBWI","BATH + BODY WORKS INC","070830104","BNNTGJ5",0.000136325341026736,"-",2716075,"USD",9
"ETSY","ETSY INC","29786A106","BWTN5N1",0.000136075184426203,"-",1426234,"USD",9
"BEN","FRANKLIN RESOURCES INC","354613101","2350684",0.000119985111879888,"-",3367661,"USD",9
"PARA","PARAMOUNT GLOBAL CLASS B","92556H206","BKTNTR9",0.000108367839351112,"-",5767439,"USD",10
"NWS","NEWS CORP   CLASS B","65249B208","BBGVT51",6.9513516156249e-05,"-",1379896,"USD",10
